Contract Name,Notice ID,Department,Contract Link,Failed Row,Incomplete Data,Total Attachments,Date Scraped,Contract Number,General Published Date,Original Published Date,Updated Date Offers Due,Original Date Offers Due,File Name,File Link,Updated Date
AVEVA SCADA INTEGRATION,W912NW009610,DEPT OF DEFENSE,https://sam.gov/opp/6bffc1b37cef4ff9aed00ef852712cf6/view,False,False,2,2025-03-04 18:46:41,1,"Mar 04, 2025 03:01 pm CST","Feb 25, 2025 11:44 am CST","Mar 12, 2025 03:00 pm CDT","Mar 12, 2025 03:00 pm CDT",W912NW-25-Q-0046 Questions and Answers.pdf,https://sam.gov/api/prod/opps/v3/opportunities/resources/files/30943358da71484783b4599b448904e8/download?&token=,"Mar 04, 2025"
,,,,False,False,2,2025-03-04 18:47:06,1,"Mar 04, 2025 03:01 pm CST","Feb 25, 2025 11:44 am CST","Mar 12, 2025 03:00 pm CDT","Mar 12, 2025 03:00 pm CDT",W912NW-25-Q-0046 SCADA INTEGRATION.pdf,https://sam.gov/api/prod/opps/v3/opportunities/resources/files/4535c209637341c79a8d676b1631d49a/download?&token=,"Feb 25, 2025"
D--JOFOC CyberSafe TrustBroker (Redacted),140D0425Q0188,"INTERIOR, DEPARTMENT OF THE",https://sam.gov/opp/86ad0a104c99489b8b94a8174face91a/view,False,False,1,2025-03-04 18:46:41,2,,"Mar 04, 2025 03:37 pm EST",,Original Response Date:,A16_JOFOC_CyberSafe_TrustBroker_signed_(Redacted)_1.pdf,https://sam.gov/api/prod/opps/v3/opportunities/resources/files/0ba3d27b1b314849943cdb055814980c/download?&token=,"Mar 04, 2025"
Air Force Test and Analysis Tool (AFTAT) Information Technology (IT) Program Update to STARLIMS Technology Platform 12.7 and Conversion to a Full HTML 5 Interface,SC06002500536,DEPT OF DEFENSE,https://sam.gov/opp/36958708134b4de1b8bb80f814817356/view,False,False,1,2025-03-04 18:46:41,3,,"Mar 04, 2025 01:46 pm EST",,"Mar 25, 2025 03:00 pm EDT",PWS - AFTAT HTML Conversion_FY25_2-5-25.docx,https://sam.gov/api/prod/opps/v3/opportunities/resources/files/8c6cbb0597bd4c61ac1056a0b6987624/download?&token=,"Mar 04, 2025"
SIMULIA Abaqus Renewal FY25,80TECH25Q0051,NATIONAL AERONAUTICS AND SPACE ADMINISTRATION,https://sam.gov/opp/6f2d747a501c4b2f93ad87ff217dda67/view,False,False,0,2025-03-04 18:46:41,4,,"Mar 04, 2025 12:05 pm CST",,"Original Response Date: Mar 06, 2025 04:00 pm CST",,,
7610--VISN 09 wide Drug Information Electronic Database,36C24925Q0135,"VETERANS AFFAIRS, DEPARTMENT OF",https://sam.gov/opp/6d783df46a214ae191a5213ca6c2e19e/view,False,False,3,2025-03-04 18:46:41,5,"Mar 04, 2025 10:09 am CST","Feb 27, 2025 03:36 pm CST","Mar 06, 2025 10:00 am CST","Mar 06, 2025 10:00 am CST",36C24925Q0135 0002.docx,https://sam.gov/api/prod/opps/v3/opportunities/resources/files/c41346a1e75545d79a4f2bff0dc9cdbe/download?&token=,"Mar 04, 2025"
,,,,False,False,3,2025-03-04 18:49:13,5,"Mar 04, 2025 10:09 am CST","Feb 27, 2025 03:36 pm CST","Mar 06, 2025 10:00 am CST","Mar 06, 2025 10:00 am CST",36C24925Q0135 0001.docx,https://sam.gov/api/prod/opps/v3/opportunities/resources/files/8462347da5cb45ba8d64a7a16038e613/download?&token=,"Mar 03, 2025"
,,,,False,False,3,2025-03-04 18:49:13,5,"Mar 04, 2025 10:09 am CST","Feb 27, 2025 03:36 pm CST","Mar 06, 2025 10:00 am CST","Mar 06, 2025 10:00 am CST",36C24925Q0135_1.docx,https://sam.gov/api/prod/opps/v3/opportunities/resources/files/c288ecfcc8a040f48bf8c717934249b8/download?&token=,"Feb 27, 2025"
Standard Portable Electronic Maintenance Aid Cyber Solution,N68335-25-R-0340,DEPT OF DEFENSE,https://sam.gov/opp/e42ee22034454311b1e5bc05119428b8/view,False,False,1,2025-03-04 18:46:41,6,,"Mar 04, 2025 09:30 am EST",,"Original Response Date: Mar 19, 2025 10:00 am EDT",Synopsis N68335-25-R-0340.docx,https://sam.gov/api/prod/opps/v3/opportunities/resources/files/a12ecc00e47e4c2bb3f7762e6e33525e/download?&token=,"Mar 04, 2025"
Network Detection and Response (NDR) Tool,W911SD25QA0030,DEPT OF DEFENSE,https://sam.gov/opp/8f2bccc917ed4efe9bb2a8433e416ca9/view,False,False,1,2025-03-04 18:46:41,7,,"Feb 28, 2025 03:54 pm EST",,"Mar 06, 2025 12:00 pm EST",Solicitation1 - W911SD25QA003.pdf,https://sam.gov/api/prod/opps/v3/opportunities/resources/files/3f59d87fd002413c947198f4c051c4f7/download?&token=,"Feb 28, 2025"
"Install Eighty-Two (82) NIPR drops in 31 data outlets and additional Telecommunication Equipment in Bldg. T-126 on Fort Shafter, Hawaii",W912CN25QA009,DEPT OF DEFENSE,https://sam.gov/opp/bdfd97b7e6ee4cdf86f96e359c25e5a7/view,False,False,2,2025-03-04 18:46:41,8,,"Feb 28, 2025 01:03 pm EST",,"Mar 14, 2025 05:00 pm EDT",NIPR drop drawing for FS T-126.pdf,https://sam.gov/api/prod/opps/v3/opportunities/resources/files/5b055a3897ad46d3a026cd0e2230f33c/download?&token=,"Feb 28, 2025"
,,,,False,False,2,2025-03-04 18:50:54,8,,"Feb 28, 2025 01:03 pm EST",,"Mar 14, 2025 05:00 pm EDT",PWS for FS T-126 NIPR drop requirement.pdf,https://sam.gov/api/prod/opps/v3/opportunities/resources/files/d4e8bb32555449bcb976cd8743cd5f07/download?&token=,"Feb 28, 2025"
7610--VISN 09 wide Drug Information Electronic Database,36C24925Q0135,"VETERANS AFFAIRS, DEPARTMENT OF",https://sam.gov/opp/9be7267096794a97a9ccafa8fdff9cc9/view,False,False,1,2025-03-04 18:46:41,9,,"Feb 27, 2025 03:13 pm CST",,"Original Response Date: Mar 06, 2025 10:00 am CST",36C24925Q0135_2.docx,https://sam.gov/api/prod/opps/v3/opportunities/resources/files/4b2fc238f59d490cb21cf82a2d4508a9/download?&token=,"Feb 27, 2025"
FY25 Invenio,80NSSC25894148Q,NATIONAL AERONAUTICS AND SPACE ADMINISTRATION,https://sam.gov/opp/ac464fe3defa465ca2a21a6c45b6c4ad/view,False,False,3,2025-03-04 18:46:41,10,,"Feb 27, 2025 12:57 pm CST",,"Mar 06, 2025 01:30 pm CST",SATPC0037479 Tab 10 RFQ Open Market.pdf,https://sam.gov/api/prod/opps/v3/opportunities/resources/files/0cc0de69352241d59ec1ec2ec9cee638/download?&token=,"Feb 27, 2025"
,,,,False,False,3,2025-03-04 18:51:54,10,,"Feb 27, 2025 12:57 pm CST",,"Mar 06, 2025 01:30 pm CST",SATPC0037479 Tab 10 BNJ_Redacted.pdf,https://sam.gov/api/prod/opps/v3/opportunities/resources/files/c3f9debd4b504059b5f6f574225e92cd/download?&token=,"Feb 27, 2025"
,,,,False,False,3,2025-03-04 18:51:54,10,,"Feb 27, 2025 12:57 pm CST",,"Mar 06, 2025 01:30 pm CST",SATPC0037479 Tab 10 SOW_Redacted.pdf,https://sam.gov/api/prod/opps/v3/opportunities/resources/files/d88ebf023b884c82887fb9446b6f983b/download?&token=,"Feb 27, 2025"
Microsoft Unified Support (RFQ),HTC711-25-Q-D041,DEPT OF DEFENSE,https://sam.gov/opp/78fd1061b68c436ca8ead44656481a7e/view,False,False,2,2025-03-04 18:46:41,11,,"Feb 27, 2025 10:40 am CST",,"Mar 12, 2025 12:00 pm CDT",2025.02.27 MS Unified Support J&A.pdf,https://sam.gov/api/prod/opps/v3/opportunities/resources/files/3f0ba8dff8d849a6b12ae300021e9ffc/download?&token=,"Feb 27, 2025"
,,,,False,False,2,2025-03-04 18:52:26,11,,"Feb 27, 2025 10:40 am CST",,"Mar 12, 2025 12:00 pm CDT",HTC71125QE113_version to post.pdf,https://sam.gov/api/prod/opps/v3/opportunities/resources/files/60c97f491c4d4ee3b034c45f5d1991cd/download?&token=,"Feb 27, 2025"
CPU,SPMYM225Q1010,DEPT OF DEFENSE,https://sam.gov/opp/77ed797216bd47709a2dc3fd0bd20e0d/view,False,False,1,2025-03-04 18:46:41,12,,"Feb 26, 2025 01:35 pm PST",,"Feb 28, 2025 02:00 pm PST",SOLICITATION SPMYM225Q1010.pdf,https://sam.gov/api/prod/opps/v3/opportunities/resources/files/2001cd71441f41ee872a93631c9015cb/download?&token=,"Feb 26, 2025"
Command Center Console(s),040ADV-25-R-0014,UNITED STATES GOVERNMENT PUBLISHING OFFICE,https://sam.gov/opp/3327ac77745847d6854bee4e9271d588/view,False,False,2,2025-03-04 18:46:41,13,,"Feb 26, 2025 02:10 pm EST",,"Mar 21, 2025 01:00 pm EDT",040ADV-25-R-0014.pdf,https://sam.gov/api/prod/opps/v3/opportunities/resources/files/e6a07db738ca4fd2b76a338a9f1360d9/download?&token=,"Feb 26, 2025"
,,,,False,False,2,2025-03-04 18:53:31,13,,"Feb 26, 2025 02:10 pm EST",,"Mar 21, 2025 01:00 pm EDT",Command Center SOW 19 February 2025.docx,https://sam.gov/api/prod/opps/v3/opportunities/resources/files/ce12e6da428b486b8b1d037347aa2bdc/download?&token=,"Feb 26, 2025"
FDIC's Digicert Subscription Maintenance Requirement,CORHQ-25-Q-0120,FEDERAL DEPOSIT INSURANCE CORPORATION,https://sam.gov/opp/15badfc6462d46b08207eea79c971e3e/view,False,False,3,2025-03-04 18:46:41,14,,"Feb 26, 2025 11:31 am EST",,"Apr 07, 2025 12:00 pm EDT",Pre-Award SCRM Info - Example.xlsx,https://sam.gov/api/prod/opps/v3/opportunities/resources/files/0523c04568154d9d9961fba0dc5dedb3/download?&token=,"Feb 26, 2025"
,,,,False,False,3,2025-03-04 18:54:02,14,,"Feb 26, 2025 11:31 am EST",,"Apr 07, 2025 12:00 pm EDT",CORHQ-25-Q-0120 - Digicert.pdf,https://sam.gov/api/prod/opps/v3/opportunities/resources/files/c01f8f4dc0ab429b9b7ec822b2615d50/download?&token=,"Feb 26, 2025"
,,,,False,False,3,2025-03-04 18:54:02,14,,"Feb 26, 2025 11:31 am EST",,"Apr 07, 2025 12:00 pm EDT",Price Schedule - Digicert.xlsx,https://sam.gov/api/prod/opps/v3/opportunities/resources/files/74b40e24c8874184849ae766739b300c/download?&token=,"Feb 26, 2025"
D--SOFTWARE SUPPORT-earthquake monitoring and data pr,140G0325Q0019,"INTERIOR, DEPARTMENT OF THE",https://sam.gov/opp/ac6a870cd3924a4c8b0412e4b55b295e/view,False,False,12,2025-03-04 18:46:42,15,"Feb 25, 2025 01:11 pm PST","Jan 30, 2025 07:29 am PST","Mar 10, 2025 10:00 am PDT","Mar 04, 2025 05:00 pm PST",Sol_140G0325Q0019_Amd_0002.pdf,https://sam.gov/api/prod/opps/v3/opportunities/resources/files/76322e9f4c56464984f8d0cd3437db19/download?&token=,"Feb 25, 2025"
,,,,False,False,12,2025-03-04 18:54:25,15,"Feb 25, 2025 01:11 pm PST","Jan 30, 2025 07:29 am PST","Mar 10, 2025 10:00 am PDT","Mar 04, 2025 05:00 pm PST",Questions_and_Answers_0002.pdf,https://sam.gov/api/prod/opps/v3/opportunities/resources/files/7718040a732a40ec8e8881c829923526/download?&token=,"Feb 25, 2025"
,,,,False,False,12,2025-03-04 18:54:25,15,"Feb 25, 2025 01:11 pm PST","Jan 30, 2025 07:29 am PST","Mar 10, 2025 10:00 am PDT","Mar 04, 2025 05:00 pm PST",Sol_140G0325Q0019_Amd_0001.pdf,https://sam.gov/api/prod/opps/v3/opportunities/resources/files/48539d952a964d888f2c0677229dac1c/download?&token=,"Jan 30, 2025"
,,,,False,False,12,2025-03-04 18:54:25,15,"Feb 25, 2025 01:11 pm PST","Jan 30, 2025 07:29 am PST","Mar 10, 2025 10:00 am PDT","Mar 04, 2025 05:00 pm PST",(5)_Pricing_Sheet_0001.xlsx,https://sam.gov/api/prod/opps/v3/opportunities/resources/files/1f27894ceeb24ae395336eaaf91cc74f/download?&token=,"Jan 30, 2025"
,,,,False,False,12,2025-03-04 18:54:25,15,"Feb 25, 2025 01:11 pm PST","Jan 30, 2025 07:29 am PST","Mar 10, 2025 10:00 am PDT","Mar 04, 2025 05:00 pm PST",Sol_140G0325Q0019.pdf,https://sam.gov/api/prod/opps/v3/opportunities/resources/files/4a4658f5a993452582396e4e6c0577a1/download?&token=,"Jan 30, 2025"
,,,,False,False,12,2025-03-04 18:54:25,15,"Feb 25, 2025 01:11 pm PST","Jan 30, 2025 07:29 am PST","Mar 10, 2025 10:00 am PDT","Mar 04, 2025 05:00 pm PST",(2)_First_Task_Order_SOW.docx,https://sam.gov/api/prod/opps/v3/opportunities/resources/files/e1f79bece74844f7825081e680a1ec85/download?&token=,"Jan 30, 2025"
,,,,False,False,12,2025-03-04 18:54:25,15,"Feb 25, 2025 01:11 pm PST","Jan 30, 2025 07:29 am PST","Mar 10, 2025 10:00 am PDT","Mar 04, 2025 05:00 pm PST",ANSS_Software_Services_Section508_signedVT.pdf,https://sam.gov/api/prod/opps/v3/opportunities/resources/files/40744d67fffd4e5988b987c52a1ea3d4/download?&token=,"Jan 30, 2025"
,,,,False,False,12,2025-03-04 18:54:25,15,"Feb 25, 2025 01:11 pm PST","Jan 30, 2025 07:29 am PST","Mar 10, 2025 10:00 am PDT","Mar 04, 2025 05:00 pm PST",(3)_Commerical_Clauses.rtf,https://sam.gov/api/prod/opps/v3/opportunities/resources/files/0f682fa64eee48e9863b5e5143cbe9aa/download?&token=,"Jan 30, 2025"
,,,,False,False,12,2025-03-04 18:54:25,15,"Feb 25, 2025 01:11 pm PST","Jan 30, 2025 07:29 am PST","Mar 10, 2025 10:00 am PDT","Mar 04, 2025 05:00 pm PST",(4)_FAR_52_204-24_and_FAR_52_204-26.pdf,https://sam.gov/api/prod/opps/v3/opportunities/resources/files/98abb587fecc4604a8c2079565830693/download?&token=,"Jan 30, 2025"
,,,,False,False,12,2025-03-04 18:54:25,15,"Feb 25, 2025 01:11 pm PST","Jan 30, 2025 07:29 am PST","Mar 10, 2025 10:00 am PDT","Mar 04, 2025 05:00 pm PST",(1)_IDIQ_Statement_of_Work.docx,https://sam.gov/api/prod/opps/v3/opportunities/resources/files/57fa68c84d354376868c7c5485a8b680/download?&token=,"Jan 30, 2025"
,,,,False,False,12,2025-03-04 18:54:25,15,"Feb 25, 2025 01:11 pm PST","Jan 30, 2025 07:29 am PST","Mar 10, 2025 10:00 am PDT","Mar 04, 2025 05:00 pm PST",Price_Sheet.xlsx,https://sam.gov/api/prod/opps/v3/opportunities/resources/files/c53c0e4b279f4745a2ac88173fd93667/download?&token=,"Jan 30, 2025"
,,,,False,False,12,2025-03-04 18:54:25,15,"Feb 25, 2025 01:11 pm PST","Jan 30, 2025 07:29 am PST","Mar 10, 2025 10:00 am PDT","Mar 04, 2025 05:00 pm PST",ANSS_Software_Services_fismaformOAG.pdf,https://sam.gov/api/prod/opps/v3/opportunities/resources/files/d8b5932437aa41ecb9c96ecfe53ef58e/download?&token=,"Jan 30, 2025"
Spectrum Information System (SIS) Sustainment & Enhancement,HC104725R0005,DEPT OF DEFENSE,https://sam.gov/opp/f78e2c6af04e443c8f16c037ad69ad6d/view,False,False,0,2025-03-04 18:46:42,16,"Feb 25, 2025 11:01 am EST","Feb 25, 2025 10:50 am EST","Updated Response Date: Mar 18, 2025 11:00 am EDT","Original Response Date: Mar 18, 2025 11:00 am EDT",,,
Fortify Security testing software,N6817125Q0025,DEPT OF DEFENSE,https://sam.gov/opp/c2d8f917a5f949f4aba26d6c5da0bbcb/view,False,False,0,2025-03-04 18:46:42,17,,"Feb 25, 2025 04:12 pm CET",,"Mar 03, 2025 06:30 am CET",,,
549 CTS SVTC,F3G5DA4270A001,DEPT OF DEFENSE,https://sam.gov/opp/a1ae37d886fe483d830645008ad353c9/view,False,False,6,2025-03-04 18:46:42,18,"Feb 24, 2025 12:57 pm PST","Feb 12, 2025 11:22 am PST","Mar 04, 2025 10:00 am PST","Feb 25, 2025 10:00 am PST",F3G5DA4270A001 Combo 24 Feb.pdf,https://sam.gov/api/prod/opps/v3/opportunities/resources/files/a2366da39fcb4cd0acd18fe092ff2056/download?&token=,"Feb 24, 2025"
,,,,False,False,6,2025-03-04 18:56:03,18,"Feb 24, 2025 12:57 pm PST","Feb 12, 2025 11:22 am PST","Mar 04, 2025 10:00 am PST","Feb 25, 2025 10:00 am PST",F3G5DA4270A001 Combo 18 Feb.pdf (Deleted),,"Feb 24, 2025"
,,,,False,False,6,2025-03-04 18:56:03,18,"Feb 24, 2025 12:57 pm PST","Feb 12, 2025 11:22 am PST","Mar 04, 2025 10:00 am PST","Feb 25, 2025 10:00 am PST",F3G5DA4270A001 Brand Name Justification 18 Feb.pdf,https://sam.gov/api/prod/opps/v3/opportunities/resources/files/1247e904fb734332a58cd5da007dfe45/download?&token=,"Feb 18, 2025"
,,,,False,False,6,2025-03-04 18:56:03,18,"Feb 24, 2025 12:57 pm PST","Feb 12, 2025 11:22 am PST","Mar 04, 2025 10:00 am PST","Feb 25, 2025 10:00 am PST",Attachment 2 - 549 CTS SVTC SOW.pdf,https://sam.gov/api/prod/opps/v3/opportunities/resources/files/94f0c9df64c844d58c6b1a11a8e597d2/download?&token=,"Feb 12, 2025"
,,,,False,False,6,2025-03-04 18:56:03,18,"Feb 24, 2025 12:57 pm PST","Feb 12, 2025 11:22 am PST","Mar 04, 2025 10:00 am PST","Feb 25, 2025 10:00 am PST",Attachment 3 - Items List.pdf,https://sam.gov/api/prod/opps/v3/opportunities/resources/files/3309abef10b34cefb0dd14e4d0da5ac2/download?&token=,"Feb 12, 2025"
,,,,False,False,6,2025-03-04 18:56:03,18,"Feb 24, 2025 12:57 pm PST","Feb 12, 2025 11:22 am PST","Mar 04, 2025 10:00 am PST","Feb 25, 2025 10:00 am PST",Attachment 1 - Room 138 Floor Plan.pdf,https://sam.gov/api/prod/opps/v3/opportunities/resources/files/f003a27ca6bd4413a3e7dcc3340d9b34/download?&token=,"Feb 12, 2025"
Solicitation for the Defense Commissary Agency (DeCA) Syndicated Data Core Services Capabilities to Continental United States (CONUS) and Overseas Continental United States (OCONUS) Support,HC102825R0012,DEPT OF DEFENSE,https://sam.gov/opp/a26498ed80814e21bc0bf17098d620f5/view,False,False,5,2025-03-04 18:46:42,19,,"Feb 24, 2025 01:44 pm CST",,"Mar 27, 2025 11:00 am CDT",HC102825R0012 RFP.pdf,https://sam.gov/api/prod/opps/v3/opportunities/resources/files/064d0094dcc9443db6e31deb08777f15/download?&token=,"Feb 24, 2025"
,,,,False,False,5,2025-03-04 18:56:35,19,,"Feb 24, 2025 01:44 pm CST",,"Mar 27, 2025 11:00 am CDT",Attachment 1 PWS HC102825R0012_CUI.pdf,,"Feb 24, 2025"
,,,,False,False,5,2025-03-04 18:56:35,19,,"Feb 24, 2025 01:44 pm CST",,"Mar 27, 2025 11:00 am CDT",Attachment 2 QASP HC102825R0012 CUI.pdf,,"Feb 24, 2025"
,,,,False,False,5,2025-03-04 18:56:35,19,,"Feb 24, 2025 01:44 pm CST",,"Mar 27, 2025 11:00 am CDT",Attachment 3 CLIN Pricing Worksheet HC102825R0012.xlsx,https://sam.gov/api/prod/opps/v3/opportunities/resources/files/f4a5c66970f54586ac3e3f0ea14a8125/download?&token=,"Feb 24, 2025"
,,,,False,False,5,2025-03-04 18:56:35,19,,"Feb 24, 2025 01:44 pm CST",,"Mar 27, 2025 11:00 am CDT",Attachment 4 Question and Answer Template HC102825R0012.xlsx,https://sam.gov/api/prod/opps/v3/opportunities/resources/files/5ec5aaba19f64cb0b27c2a47a95ffee6/download?&token=,"Feb 24, 2025"
Next Generation (NextGen) Passport Personalization Printers Support,19AQMM24R0113,"STATE, DEPARTMENT OF",https://sam.gov/opp/cd155d2086f64ff3b1d1e91737a21286/view,False,False,20,2025-03-04 18:46:42,20,"Feb 24, 2025 10:35 am EST","Jun 18, 2024 09:23 am EDT","Mar 17, 2025 03:00 pm EDT","Jul 02, 2024 03:00 pm EDT",Attachment A - Pricing Table_Final_8.16.2024 Amendment 0003.xlsx,https://sam.gov/api/prod/opps/v3/opportunities/resources/files/a29b7105a61849c9a0519e5471316356/download?&token=,"Sep 20, 2024"
,,,,False,False,20,2025-03-04 18:57:00,20,"Feb 24, 2025 10:35 am EST","Jun 18, 2024 09:23 am EDT","Mar 17, 2025 03:00 pm EDT","Jul 02, 2024 03:00 pm EDT",Appendix 2 - Section C PWS Tracked Changes Amendment 0003.docx,https://sam.gov/api/prod/opps/v3/opportunities/resources/files/41122ee23b8d4e61979779c066486dcf/download?&token=,"Sep 20, 2024"
,,,,False,False,20,2025-03-04 18:57:00,20,"Feb 24, 2025 10:35 am EST","Jun 18, 2024 09:23 am EDT","Mar 17, 2025 03:00 pm EDT","Jul 02, 2024 03:00 pm EDT",Appendix 2 - Section C PWS Changes Accepted Amendment 0003.docx,https://sam.gov/api/prod/opps/v3/opportunities/resources/files/e39e1b41ebcf44d985155723ae486fa1/download?&token=,"Sep 20, 2024"
,,,,False,False,20,2025-03-04 18:57:00,20,"Feb 24, 2025 10:35 am EST","Jun 18, 2024 09:23 am EDT","Mar 17, 2025 03:00 pm EDT","Jul 02, 2024 03:00 pm EDT",19AQMM24R0113 - Appendix I Amendment 0003 Changes Accepted.docx,https://sam.gov/api/prod/opps/v3/opportunities/resources/files/b0aaf3863fc74f57a025306e4ecbf04e/download?&token=,"Sep 20, 2024"
,,,,False,False,20,2025-03-04 18:57:00,20,"Feb 24, 2025 10:35 am EST","Jun 18, 2024 09:23 am EDT","Mar 17, 2025 03:00 pm EDT","Jul 02, 2024 03:00 pm EDT",19AQMM24R0113 - Appendix I Amendment 0003 Tracked Changes_v2.docx,https://sam.gov/api/prod/opps/v3/opportunities/resources/files/7eb92212c1e04e359cb2e3e82c410c0b/download?&token=,"Sep 20, 2024"
,,,,False,False,20,2025-03-04 18:57:00,20,"Feb 24, 2025 10:35 am EST","Jun 18, 2024 09:23 am EDT","Mar 17, 2025 03:00 pm EDT","Jul 02, 2024 03:00 pm EDT",19AQMM24R0113 Amend 0003.pdf,https://sam.gov/api/prod/opps/v3/opportunities/resources/files/6d405fc189bf49eab72a6fd8ea1f5370/download?&token=,"Sep 20, 2024"
,,,,False,False,20,2025-03-04 18:57:00,20,"Feb 24, 2025 10:35 am EST","Jun 18, 2024 09:23 am EDT","Mar 17, 2025 03:00 pm EDT","Jul 02, 2024 03:00 pm EDT",NextGen Questions and Answers 9 5 2024 Final.xlsx,https://sam.gov/api/prod/opps/v3/opportunities/resources/files/1d6fa1f46f24403092752d506b119cac/download?&token=,"Sep 05, 2024"
,,,,False,False,20,2025-03-04 18:57:00,20,"Feb 24, 2025 10:35 am EST","Jun 18, 2024 09:23 am EDT","Mar 17, 2025 03:00 pm EDT","Jul 02, 2024 03:00 pm EDT",19AQMM24R0113 Amend 0001.pdf,https://sam.gov/api/prod/opps/v3/opportunities/resources/files/03db60c08955445883741c20f036bbcc/download?&token=,"Aug 26, 2024"
,,,,False,False,20,2025-03-04 18:57:00,20,"Feb 24, 2025 10:35 am EST","Jun 18, 2024 09:23 am EDT","Mar 17, 2025 03:00 pm EDT","Jul 02, 2024 03:00 pm EDT",19AQMM24R0113 Amend 0002.pdf,https://sam.gov/api/prod/opps/v3/opportunities/resources/files/655b86066c804e3a97cc71b02b736386/download?&token=,"Aug 26, 2024"
,,,,False,False,20,2025-03-04 18:57:00,20,"Feb 24, 2025 10:35 am EST","Jun 18, 2024 09:23 am EDT","Mar 17, 2025 03:00 pm EDT","Jul 02, 2024 03:00 pm EDT",Appendix 2 - Section C PWS.docx,https://sam.gov/api/prod/opps/v3/opportunities/resources/files/768fcd4d9406452cafba3da9b90bc46a/download?&token=,"Jul 08, 2024"
,,,,False,False,20,2025-03-04 18:57:00,20,"Feb 24, 2025 10:35 am EST","Jun 18, 2024 09:23 am EDT","Mar 17, 2025 03:00 pm EDT","Jul 02, 2024 03:00 pm EDT",Attachment F - Past Performance Questionnaire.xlsx,https://sam.gov/api/prod/opps/v3/opportunities/resources/files/171c7229adb44bccb627e856772f7451/download?&token=,"Jul 08, 2024"
,,,,False,False,20,2025-03-04 18:57:00,20,"Feb 24, 2025 10:35 am EST","Jun 18, 2024 09:23 am EDT","Mar 17, 2025 03:00 pm EDT","Jul 02, 2024 03:00 pm EDT",Attachment D - Passport Printer Security Requirements.docx,https://sam.gov/api/prod/opps/v3/opportunities/resources/files/dfad70d265a04cc189e09d168b45149e/download?&token=,"Jul 08, 2024"
,,,,False,False,20,2025-03-04 18:57:00,20,"Feb 24, 2025 10:35 am EST","Jun 18, 2024 09:23 am EDT","Mar 17, 2025 03:00 pm EDT","Jul 02, 2024 03:00 pm EDT",Attachment B - CA Domestic Operational and Test Sites - Place of Delivery and Support.docx,https://sam.gov/api/prod/opps/v3/opportunities/resources/files/3de7e04592e44f738aae66598aef2c7d/download?&token=,"Jul 08, 2024"
,,,,False,False,20,2025-03-04 18:57:00,20,"Feb 24, 2025 10:35 am EST","Jun 18, 2024 09:23 am EDT","Mar 17, 2025 03:00 pm EDT","Jul 02, 2024 03:00 pm EDT",Attachment E - Bidders Signed DD-254.pdf,https://sam.gov/api/prod/opps/v3/opportunities/resources/files/e66b23aa8cd146d79c60183d488c6fc7/download?&token=,"Jul 08, 2024"
,,,,False,False,20,2025-03-04 18:57:00,20,"Feb 24, 2025 10:35 am EST","Jun 18, 2024 09:23 am EDT","Mar 17, 2025 03:00 pm EDT","Jul 02, 2024 03:00 pm EDT",Attachment C - CST Contract Status Report Template.pdf,https://sam.gov/api/prod/opps/v3/opportunities/resources/files/8c1ad20c7c214647900cf17cdd96cf2f/download?&token=,"Jul 08, 2024"
,,,,False,False,20,2025-03-04 18:57:00,20,"Feb 24, 2025 10:35 am EST","Jun 18, 2024 09:23 am EDT","Mar 17, 2025 03:00 pm EDT","Jul 02, 2024 03:00 pm EDT",Attachment A - Pricing Table.xlsx,https://sam.gov/api/prod/opps/v3/opportunities/resources/files/77395ef767bf4fcd9843e1df0d0cc84e/download?&token=,"Jul 08, 2024"
,,,,False,False,20,2025-03-04 18:57:00,20,"Feb 24, 2025 10:35 am EST","Jun 18, 2024 09:23 am EDT","Mar 17, 2025 03:00 pm EDT","Jul 02, 2024 03:00 pm EDT",Attachment G - SCRM Questionnaire and C-SCRM Software Producer Attestation Form.xlsx,https://sam.gov/api/prod/opps/v3/opportunities/resources/files/487fd342d0934f25825a85f82485d408/download?&token=,"Jul 08, 2024"
,,,,False,False,20,2025-03-04 18:57:00,20,"Feb 24, 2025 10:35 am EST","Jun 18, 2024 09:23 am EDT","Mar 17, 2025 03:00 pm EDT","Jul 02, 2024 03:00 pm EDT",Attachment H - DOS Connectivity Requirements.pdf,https://sam.gov/api/prod/opps/v3/opportunities/resources/files/efef6ff7e6d347d8835ee96bb7fe811b/download?&token=,"Jul 08, 2024"
,,,,False,False,20,2025-03-04 18:57:00,20,"Feb 24, 2025 10:35 am EST","Jun 18, 2024 09:23 am EDT","Mar 17, 2025 03:00 pm EDT","Jul 02, 2024 03:00 pm EDT",19AQMM24R0113 - Appendix I.docx,https://sam.gov/api/prod/opps/v3/opportunities/resources/files/786fc8b7322743abaec00dff7233df4c/download?&token=,"Jul 08, 2024"
,,,,False,False,20,2025-03-04 18:57:00,20,"Feb 24, 2025 10:35 am EST","Jun 18, 2024 09:23 am EDT","Mar 17, 2025 03:00 pm EDT","Jul 02, 2024 03:00 pm EDT",19AQMM24R0113 SF33.pdf,https://sam.gov/api/prod/opps/v3/opportunities/resources/files/47685ea3327a4f1ab9a587f73b5f248c/download?&token=,"Jul 08, 2024"
Call 001: Data Models and Flows Under CSO FA9302-21-S-C001,FA930021SC001Call001FY25,DEPT OF DEFENSE,https://sam.gov/opp/7c25d3d186744f169cc706b690c19115/view,False,False,1,2025-03-04 18:46:42,21,,"Feb 21, 2025 02:35 pm PST",,"Mar 10, 2025 11:00 am PDT",25-MDTF_Data Analytics Support_CSO_Call 001.pdf,https://sam.gov/api/prod/opps/v3/opportunities/resources/files/326afe0d5cff42c98b9e76ccfcaef412/download?&token=,"Feb 21, 2025"
Area of Interest (AOI) for Next Generation Special Access Programs (NG â€“ SAP),DISA-OTA-25-R-NGSAP,DEPT OF DEFENSE,https://sam.gov/opp/963abcaa806d4fe19277d31d9d341c10/view,False,False,3,2025-03-04 18:46:42,22,"Feb 21, 2025 04:21 pm CST","Jan 30, 2025 10:22 am CST","Feb 28, 2025 04:00 pm CST","Feb 21, 2025 04:00 pm CST",AOI - NG SAP v5 21Feb25.pdf,https://sam.gov/api/prod/opps/v3/opportunities/resources/files/e85ec2afce854c0292af87c73ca0d3d9/download?&token=,"Feb 21, 2025"
,,,,False,False,3,2025-03-04 18:57:56,22,"Feb 21, 2025 04:21 pm CST","Jan 30, 2025 10:22 am CST","Feb 28, 2025 04:00 pm CST","Feb 21, 2025 04:00 pm CST",AOI - NG SAP v4 18Feb25.pdf (Deleted),,"Feb 21, 2025"
,,,,False,False,3,2025-03-04 18:57:56,22,"Feb 21, 2025 04:21 pm CST","Jan 30, 2025 10:22 am CST","Feb 28, 2025 04:00 pm CST","Feb 21, 2025 04:00 pm CST",AOI Attachment 1 Affirmation_of_Business_Status_Certification.pdf,https://sam.gov/api/prod/opps/v3/opportunities/resources/files/d72d8e56e01f48d298110e956d33096c/download?&token=,"Jan 30, 2025"
FDIC WMware Carbon Black Subscription,CORHQ-24-Q-0672,FEDERAL DEPOSIT INSURANCE CORPORATION,https://sam.gov/opp/4195396cc9f640168b4ee8d66ed41bb2/view,False,False,4,2025-03-04 18:46:42,23,"Feb 21, 2025 04:15 pm EST","Feb 03, 2025 02:26 pm EST","Mar 19, 2025 08:00 pm EDT","Mar 19, 2025 08:00 pm EDT",CORHQ-24-Q-0672 VMware Bit9 Solicitation Conformed 2.21.25.pdf,https://sam.gov/api/prod/opps/v3/opportunities/resources/files/546656edda254bc39794e67a22361dc8/download?&token=,"Feb 21, 2025"
,,,,False,False,4,2025-03-04 18:58:18,23,"Feb 21, 2025 04:15 pm EST","Feb 03, 2025 02:26 pm EST","Mar 19, 2025 08:00 pm EDT","Mar 19, 2025 08:00 pm EDT",CORHQ-24-Q-0672-Mod0001.pdf,https://sam.gov/api/prod/opps/v3/opportunities/resources/files/a7d0ed3fe17c410a8af6d6e3bb86a98d/download?&token=,"Feb 21, 2025"
,,,,False,False,4,2025-03-04 18:58:18,23,"Feb 21, 2025 04:15 pm EST","Feb 03, 2025 02:26 pm EST","Mar 19, 2025 08:00 pm EDT","Mar 19, 2025 08:00 pm EDT",Pre-Award SCRM Info Template.xlsx,https://sam.gov/api/prod/opps/v3/opportunities/resources/files/95b0d2a2535c4c9f9913d188ecb7f2ff/download?&token=,"Feb 03, 2025"
,,,,False,False,4,2025-03-04 18:58:18,23,"Feb 21, 2025 04:15 pm EST","Feb 03, 2025 02:26 pm EST","Mar 19, 2025 08:00 pm EDT","Mar 19, 2025 08:00 pm EDT",CORHQ-24-Q-0672 VMware Bit9 Solicitation.pdf,https://sam.gov/api/prod/opps/v3/opportunities/resources/files/a25cbbd0b6074b919f68dc19583d132f/download?&token=,"Feb 03, 2025"
Trellix FireEye (Goods and Support),CORHQ-25-Q-0076,FEDERAL DEPOSIT INSURANCE CORPORATION,https://sam.gov/opp/3f5ac16c95264f5d8842ee27e5e15b7b/view,False,False,3,2025-03-04 18:46:42,24,,"Feb 21, 2025 10:27 am EST",,"Apr 02, 2025 06:00 pm EDT",Pre-Award SCRM Information.xlsx,https://sam.gov/api/prod/opps/v3/opportunities/resources/files/45d21b3ef5484256b0026c40d9028cf6/download?&token=,"Feb 21, 2025"
,,,,False,False,3,2025-03-04 18:58:51,24,,"Feb 21, 2025 10:27 am EST",,"Apr 02, 2025 06:00 pm EDT",Price Schedule H - DTX Trellix FireEye.xlsx,https://sam.gov/api/prod/opps/v3/opportunities/resources/files/b38a040b534d404c88a39378aee36d24/download?&token=,"Feb 21, 2025"
,,,,False,False,3,2025-03-04 18:58:51,24,,"Feb 21, 2025 10:27 am EST",,"Apr 02, 2025 06:00 pm EDT",CORHQ-25-Q-0076.pdf,https://sam.gov/api/prod/opps/v3/opportunities/resources/files/295aaa6f7cfa4465a880bf7c5225d7a6/download?&token=,"Feb 21, 2025"
Brand Name Justification & Bluebeam Software Solicitation,FA469025Q0010,DEPT OF DEFENSE,https://sam.gov/opp/7ffb338894c149ccb2834eb84b3615d8/view,False,False,4,2025-03-04 18:46:42,25,"Feb 20, 2025 03:47 pm MST","Feb 11, 2025 04:24 pm MST","Mar 04, 2025 03:00 pm MST","Mar 04, 2025 03:00 pm MST",Questions_Bluebeam_Answered.docx,https://sam.gov/api/prod/opps/v3/opportunities/resources/files/cb6a70020b3d4e188ee171130472f991/download?&token=,"Feb 20, 2025"
,,,,False,False,4,2025-03-04 18:59:16,25,"Feb 20, 2025 03:47 pm MST","Feb 11, 2025 04:24 pm MST","Mar 04, 2025 03:00 pm MST","Mar 04, 2025 03:00 pm MST",Solicitation Amendment - FA469025Q00100001.pdf,https://sam.gov/api/prod/opps/v3/opportunities/resources/files/1e8fdddfce204967a9ea379a18d6cbf5/download?&token=,"Feb 20, 2025"
,,,,False,False,4,2025-03-04 18:59:16,25,"Feb 20, 2025 03:47 pm MST","Feb 11, 2025 04:24 pm MST","Mar 04, 2025 03:00 pm MST","Mar 04, 2025 03:00 pm MST",Solicitation Amendment FA469025Q00100001 SF 30.pdf,https://sam.gov/api/prod/opps/v3/opportunities/resources/files/78c396f3147640009f0b3a9a376fec46/download?&token=,"Feb 20, 2025"
,,,,False,False,4,2025-03-04 18:59:16,25,"Feb 20, 2025 03:47 pm MST","Feb 11, 2025 04:24 pm MST","Mar 04, 2025 03:00 pm MST","Mar 04, 2025 03:00 pm MST",Brand Name_Justification BlueBeam CO Signed - REDACTED.pdf,https://sam.gov/api/prod/opps/v3/opportunities/resources/files/fd2e7c9896dd43e3bffcc224bd5830da/download?&token=,"Feb 11, 2025"
OrgChart Platinum Licenses,CORHQ-24-Q-0701,FEDERAL DEPOSIT INSURANCE CORPORATION,https://sam.gov/opp/399c01d7036b45b8a4b2ae4d9c42ce4e/view,False,False,1,2025-03-04 18:46:42,26,,"Feb 20, 2025 05:15 pm EST",,"Mar 31, 2025 01:00 pm EDT",CORHQ-24-Q-0701 Org Chart Platinum Subscription.pdf,https://sam.gov/api/prod/opps/v3/opportunities/resources/files/85da4574ef8e46afbf71f2d65a4ad02d/download?&token=,"Feb 20, 2025"
PureStorage Hardware Maintenance,CORHQ-25-Q-0070,FEDERAL DEPOSIT INSURANCE CORPORATION,https://sam.gov/opp/597496203137478b95921c551f6fcf85/view,False,False,4,2025-03-04 18:46:42,27,"Feb 20, 2025 03:08 pm EST","Feb 13, 2025 11:42 am EST","Mar 25, 2025 06:00 pm EDT","Mar 25, 2025 06:00 pm EDT",CORHQ-25-Q-0070-P00001.pdf,https://sam.gov/api/prod/opps/v3/opportunities/resources/files/86e125595a8842998a42f1f696a2f5af/download?&token=,"Feb 20, 2025"
,,,,False,False,4,2025-03-04 19:00:14,27,"Feb 20, 2025 03:08 pm EST","Feb 13, 2025 11:42 am EST","Mar 25, 2025 06:00 pm EDT","Mar 25, 2025 06:00 pm EDT",Price Schedule PureStorage.xlsx,https://sam.gov/api/prod/opps/v3/opportunities/resources/files/1890054ea8884369bad6bd3d51e2715c/download?&token=,"Feb 13, 2025"
,,,,False,False,4,2025-03-04 19:00:14,27,"Feb 20, 2025 03:08 pm EST","Feb 13, 2025 11:42 am EST","Mar 25, 2025 06:00 pm EDT","Mar 25, 2025 06:00 pm EDT",Pre-Award SCRM Information PureStorage.xlsx,https://sam.gov/api/prod/opps/v3/opportunities/resources/files/57a49c7d039a4523a92ae6d222883724/download?&token=,"Feb 13, 2025"
,,,,False,False,4,2025-03-04 19:00:14,27,"Feb 20, 2025 03:08 pm EST","Feb 13, 2025 11:42 am EST","Mar 25, 2025 06:00 pm EDT","Mar 25, 2025 06:00 pm EDT",CORHQ-25-Q-0070 PURE STORAGE.pdf,https://sam.gov/api/prod/opps/v3/opportunities/resources/files/7e5b1821870b4373a52b455977616dc9/download?&token=,"Feb 13, 2025"
Cellebrite Subscription Maintenance w/Support Services (4 year),CORHQ-25-Q-0099,FEDERAL DEPOSIT INSURANCE CORPORATION,https://sam.gov/opp/31920912fe2242fcae641787329b6615/view,False,False,3,2025-03-04 18:46:42,28,"Feb 20, 2025 02:56 pm EST","Feb 13, 2025 09:08 am EST","Mar 24, 2025 06:00 pm EDT","Mar 24, 2025 06:00 pm EDT",CORHQ-25-Q-0099-P00001.pdf,https://sam.gov/api/prod/opps/v3/opportunities/resources/files/063cbc086d1c443f9fead5637524effb/download?&token=,"Feb 20, 2025"
,,,,False,False,3,2025-03-04 19:00:40,28,"Feb 20, 2025 02:56 pm EST","Feb 13, 2025 09:08 am EST","Mar 24, 2025 06:00 pm EDT","Mar 24, 2025 06:00 pm EDT",Price Schedule Cellebrite.xlsx,https://sam.gov/api/prod/opps/v3/opportunities/resources/files/446df82d9a824dc2888deafa85148ac7/download?&token=,"Feb 13, 2025"
,,,,False,False,3,2025-03-04 19:00:40,28,"Feb 20, 2025 02:56 pm EST","Feb 13, 2025 09:08 am EST","Mar 24, 2025 06:00 pm EDT","Mar 24, 2025 06:00 pm EDT",CORHQ-25-Q-0099.pdf,https://sam.gov/api/prod/opps/v3/opportunities/resources/files/fb50e1c11b14499b8dd38a393ef1604b/download?&token=,"Feb 13, 2025"
Zeva Decryp Subscription Maintenance (Base + (4) option periods),CORHQ-25-Q-0039,FEDERAL DEPOSIT INSURANCE CORPORATION,https://sam.gov/opp/148e865dc3074bd3bb67794ced835cf0/view,False,False,3,2025-03-04 18:46:42,29,"Feb 20, 2025 02:56 pm EST","Feb 13, 2025 10:50 am EST","Mar 25, 2025 06:00 pm EDT","Mar 25, 2025 06:00 pm EDT",CORHQ-25-Q-0039-P00001.pdf,https://sam.gov/api/prod/opps/v3/opportunities/resources/files/12abd337c87e45e7b5b68d57fdc0f42e/download?&token=,"Feb 20, 2025"
,,,,False,False,3,2025-03-04 19:01:06,29,"Feb 20, 2025 02:56 pm EST","Feb 13, 2025 10:50 am EST","Mar 25, 2025 06:00 pm EDT","Mar 25, 2025 06:00 pm EDT",Zeva Price Schedule.pdf,https://sam.gov/api/prod/opps/v3/opportunities/resources/files/bf762746e27b4b3f8e5112807f10e094/download?&token=,"Feb 13, 2025"
,,,,False,False,3,2025-03-04 19:01:06,29,"Feb 20, 2025 02:56 pm EST","Feb 13, 2025 10:50 am EST","Mar 25, 2025 06:00 pm EDT","Mar 25, 2025 06:00 pm EDT",CORHQ-25-Q-0039.pdf,https://sam.gov/api/prod/opps/v3/opportunities/resources/files/ed35262814d0434f8db8fd11055bf63f/download?&token=,"Feb 13, 2025"
CIVIL WORKS BUSINESS INTELLIGENCE RISK MANAGEMENT FRAMEWORK CERTIFICATION AND CONTINUOUS MONTIORING,W912HQ25R0004,DEPT OF DEFENSE,https://sam.gov/opp/abfffe710ff34d3aaee36e82255e7b13/view,False,False,5,2025-03-04 18:46:42,30,"Feb 18, 2025 12:42 pm EST","Feb 10, 2025 03:37 pm EST","Feb 20, 2025 04:30 pm EST","Feb 20, 2025 04:30 pm EST",B08.03 W912HQ25R0004 - CWBI CyberSec RMF - amended 18.Feb.2025.pdf,https://sam.gov/api/prod/opps/v3/opportunities/resources/files/653cb5057551424dbeea43be7ddf2fd2/download?&token=,"Feb 18, 2025"
,,,,False,False,5,2025-03-04 19:01:35,30,"Feb 18, 2025 12:42 pm EST","Feb 10, 2025 03:37 pm EST","Feb 20, 2025 04:30 pm EST","Feb 20, 2025 04:30 pm EST",B08.03 Answers to Questions - W912HQ25R0004 - CWBI CyberSec_RMF dated 2025.02.18.docx,https://sam.gov/api/prod/opps/v3/opportunities/resources/files/2c115f565a364362a452fdfddab88a01/download?&token=,"Feb 18, 2025"
,,,,False,False,5,2025-03-04 19:01:35,30,"Feb 18, 2025 12:42 pm EST","Feb 10, 2025 03:37 pm EST","Feb 20, 2025 04:30 pm EST","Feb 20, 2025 04:30 pm EST",B08.02 W912HQ25R0004 - CWBI CyberSec RMF - dated 10.Feb.2025.pdf (Deleted),,"Feb 18, 2025"
,,,,False,False,5,2025-03-04 19:01:35,30,"Feb 18, 2025 12:42 pm EST","Feb 10, 2025 03:37 pm EST","Feb 20, 2025 04:30 pm EST","Feb 20, 2025 04:30 pm EST",A02.12 - CWBI RMF PWS dated 2024.11.20 .docx,https://sam.gov/api/prod/opps/v3/opportunities/resources/files/ea6ec6553304433fade09c65237b0b02/download?&token=,"Feb 10, 2025"
,,,,False,False,5,2025-03-04 19:01:35,30,"Feb 18, 2025 12:42 pm EST","Feb 10, 2025 03:37 pm EST","Feb 20, 2025 04:30 pm EST","Feb 20, 2025 04:30 pm EST",B08.02 W912HQ25R0004 Attachment 2 USACE PPQ.pdf,https://sam.gov/api/prod/opps/v3/opportunities/resources/files/16a0181f332a440a917d610619e9c0f8/download?&token=,"Feb 10, 2025"
Gimmal Physical P1 Software Renewal,9594CS25Q0030,COURT SERVICES AND OFFENDER SUPERVISION AGENCY,https://sam.gov/opp/c74af0ccbb2f45c8b85ebda11493d600/view,False,False,4,2025-03-04 18:46:42,31,"Feb 18, 2025 10:56 am EST","Feb 08, 2025 08:52 am EST","Feb 20, 2025 11:59 pm EST","Feb 20, 2025 11:59 pm EST",Amendment 0001 9594CS25Q0030.pdf,https://sam.gov/api/prod/opps/v3/opportunities/resources/files/f589c70cf80447f98a677c6c1694c645/download?&token=,"Feb 18, 2025"
,,,,False,False,4,2025-03-04 19:01:58,31,"Feb 18, 2025 10:56 am EST","Feb 08, 2025 08:52 am EST","Feb 20, 2025 11:59 pm EST","Feb 20, 2025 11:59 pm EST",Attachment J-2 Brand Name Justification Gimmal.pdf,https://sam.gov/api/prod/opps/v3/opportunities/resources/files/9ddbfedc636c4512892933a0c4b4d7d0/download?&token=,"Feb 08, 2025"
,,,,False,False,4,2025-03-04 19:01:58,31,"Feb 18, 2025 10:56 am EST","Feb 08, 2025 08:52 am EST","Feb 20, 2025 11:59 pm EST","Feb 20, 2025 11:59 pm EST",Attachment J-1 FAR 52.212-3 Offeror Reps & Certs - Comm Items & Svcs.docx,https://sam.gov/api/prod/opps/v3/opportunities/resources/files/6201a5f5ba4b4e4cac577e4b82d07e2d/download?&token=,"Feb 08, 2025"
,,,,False,False,4,2025-03-04 19:01:58,31,"Feb 18, 2025 10:56 am EST","Feb 08, 2025 08:52 am EST","Feb 20, 2025 11:59 pm EST","Feb 20, 2025 11:59 pm EST",Solicitation 9594CS25Q0030.pdf,https://sam.gov/api/prod/opps/v3/opportunities/resources/files/bee04b4444184b5589ed761a7907507d/download?&token=,"Feb 08, 2025"
Enterprise Test Data Management,CORHQ-24-R-0686,FEDERAL DEPOSIT INSURANCE CORPORATION,https://sam.gov/opp/3752617cc1b5425d8546342067a6dfb7/view,False,False,8,2025-03-04 18:46:42,32,"Feb 18, 2025 09:48 am EST","Dec 19, 2024 06:08 pm EST","Feb 21, 2025 05:00 pm EST","Jan 31, 2025 05:00 pm EST",CORHQ-24-R-0686 Amendment 0005.pdf,https://sam.gov/api/prod/opps/v3/opportunities/resources/files/2ccb107eaed74880937a3422d8f77ba5/download?&token=,"Feb 11, 2025"
,,,,False,False,8,2025-03-04 19:02:21,32,"Feb 18, 2025 09:48 am EST","Dec 19, 2024 06:08 pm EST","Feb 21, 2025 05:00 pm EST","Jan 31, 2025 05:00 pm EST",Summary of Changes Amendment 0003.pdf,https://sam.gov/api/prod/opps/v3/opportunities/resources/files/2d964b2903214cf581d88c37fa32ae46/download?&token=,"Jan 21, 2025"
,,,,False,False,8,2025-03-04 19:02:21,32,"Feb 18, 2025 09:48 am EST","Dec 19, 2024 06:08 pm EST","Feb 21, 2025 05:00 pm EST","Jan 31, 2025 05:00 pm EST",BISS SOO Attachment A - Software Tools Inventory.xlsx,https://sam.gov/api/prod/opps/v3/opportunities/resources/files/3b7dcacaf4804e1f96a4c0379f5eb4a6/download?&token=,"Dec 19, 2024"
,,,,False,False,8,2025-03-04 19:02:21,32,"Feb 18, 2025 09:48 am EST","Dec 19, 2024 06:08 pm EST","Feb 21, 2025 05:00 pm EST","Jan 31, 2025 05:00 pm EST",BISS SOO Attachment B - Sample BISS Portfolio Data Sets.xlsx,https://sam.gov/api/prod/opps/v3/opportunities/resources/files/a3a3ca66d3504638ac1f60bf279e9f4c/download?&token=,"Dec 19, 2024"
,,,,False,False,8,2025-03-04 19:02:21,32,"Feb 18, 2025 09:48 am EST","Dec 19, 2024 06:08 pm EST","Feb 21, 2025 05:00 pm EST","Jan 31, 2025 05:00 pm EST",BISS SOO Attachment C 2027 Target State Architecture v1.1updated.pdf,https://sam.gov/api/prod/opps/v3/opportunities/resources/files/c2fa0dcbd4434e1faef57e11db3cbbed/download?&token=,"Jan 07, 2025"
,,,,False,False,8,2025-03-04 19:02:21,32,"Feb 18, 2025 09:48 am EST","Dec 19, 2024 06:08 pm EST","Feb 21, 2025 05:00 pm EST","Jan 31, 2025 05:00 pm EST",BISS SOO Attachment D - ETDM Accomplishments to Date.docx,https://sam.gov/api/prod/opps/v3/opportunities/resources/files/9a2eeb5b7c2240ddb685d6348fe9421c/download?&token=,"Dec 19, 2024"
,,,,False,False,8,2025-03-04 19:02:21,32,"Feb 18, 2025 09:48 am EST","Dec 19, 2024 06:08 pm EST","Feb 21, 2025 05:00 pm EST","Jan 31, 2025 05:00 pm EST",Enterprise TDM Pricing Workbook Version 2.xlsx,https://sam.gov/api/prod/opps/v3/opportunities/resources/files/111d245cbccd4cc39921a247756a4ad7/download?&token=,"Jan 21, 2025"
,,,,False,False,8,2025-03-04 19:02:21,32,"Feb 18, 2025 09:48 am EST","Dec 19, 2024 06:08 pm EST","Feb 21, 2025 05:00 pm EST","Jan 31, 2025 05:00 pm EST",ETDM Live Session Presentation Slides.pdf,https://sam.gov/api/prod/opps/v3/opportunities/resources/files/ed88f19f6e754a60b41e89a2047a046d/download?&token=,"Jan 07, 2025"
NetScout Hardware Refresh,2025-R-032,"SENATE, THE",https://sam.gov/opp/b9b0c20cbace47b3bd946b7c9a73ab44/view,False,False,5,2025-03-04 18:46:42,33,,"Feb 14, 2025 10:06 am EST",,"Mar 10, 2025 12:00 pm EDT",Addendum to Commercial Agreements - Version 3.0 - May 2023.pdf,https://sam.gov/api/prod/opps/v3/opportunities/resources/files/2c44f87527024adea2304023b5e43aeb/download?&token=,"Feb 14, 2025"
,,,,False,False,5,2025-03-04 19:02:52,33,,"Feb 14, 2025 10:06 am EST",,"Mar 10, 2025 12:00 pm EDT",Purchase Order Clauses - Version 8.0 - October 2024.pdf,https://sam.gov/api/prod/opps/v3/opportunities/resources/files/351e6d551aa44123ba546c9b0f8a3aa1/download?&token=,"Feb 14, 2025"
,,,,False,False,5,2025-03-04 19:02:52,33,,"Feb 14, 2025 10:06 am EST",,"Mar 10, 2025 12:00 pm EDT",Section 208 Compliance Certificate - Version 3.0 - February 2022.pdf,https://sam.gov/api/prod/opps/v3/opportunities/resources/files/c5159396216f45a7abfb94410fb4e7fb/download?&token=,"Feb 14, 2025"
,,,,False,False,5,2025-03-04 19:02:52,33,,"Feb 14, 2025 10:06 am EST",,"Mar 10, 2025 12:00 pm EDT",2025-R-032 (RFQ) Price List.xlsx,https://sam.gov/api/prod/opps/v3/opportunities/resources/files/6fa558497e044239b250a330e0a9dde0/download?&token=,"Feb 14, 2025"
,,,,False,False,5,2025-03-04 19:02:52,33,,"Feb 14, 2025 10:06 am EST",,"Mar 10, 2025 12:00 pm EDT",2025-R-032 (RFQ) Instructions.pdf,https://sam.gov/api/prod/opps/v3/opportunities/resources/files/5789a2e9c7d94731afe06264e147f3e4/download?&token=,"Feb 14, 2025"
Electromagnetic Battle Management Joint (EMBM-J) Situational Awareness (SA),HC104725R0003,DEPT OF DEFENSE,https://sam.gov/opp/d19ba998c4ca48e09804b3489206150f/view,False,False,0,2025-03-04 18:46:42,34,,"Feb 13, 2025 04:25 pm EST",,"Original Response Date: Feb 28, 2025 04:30 pm EST",,,
SailPoint Identity IQ Renewal,2025-R-031,"SENATE, THE",https://sam.gov/opp/ef22126b8f8042809f69fa99492f6b20/view,False,False,5,2025-03-04 18:46:42,35,,"Feb 11, 2025 10:31 am EST",,"Feb 28, 2025 12:00 pm EST",2025-R-031 (RFQ) Instructions.pdf,https://sam.gov/api/prod/opps/v3/opportunities/resources/files/1729e5f28cab48f7b7ce12b0764122f6/download?&token=,"Feb 11, 2025"
,,,,False,False,5,2025-03-04 19:04:00,35,,"Feb 11, 2025 10:31 am EST",,"Feb 28, 2025 12:00 pm EST",2025-R-031 (RFQ) Price List.xlsx,https://sam.gov/api/prod/opps/v3/opportunities/resources/files/65707bef5c7440d1920babf6541b7e13/download?&token=,"Feb 11, 2025"
,,,,False,False,5,2025-03-04 19:04:00,35,,"Feb 11, 2025 10:31 am EST",,"Feb 28, 2025 12:00 pm EST",Section 208 Compliance Certificate - Version 3.0 - February 2022.pdf,https://sam.gov/api/prod/opps/v3/opportunities/resources/files/e709b805f7524c0e8fafc01ba15cab7d/download?&token=,"Feb 11, 2025"
,,,,False,False,5,2025-03-04 19:04:00,35,,"Feb 11, 2025 10:31 am EST",,"Feb 28, 2025 12:00 pm EST",Addendum to Commercial Agreements - Version 3.0 - May 2023.pdf,https://sam.gov/api/prod/opps/v3/opportunities/resources/files/8e82316286f84896aa69fa76a9237938/download?&token=,"Feb 11, 2025"
,,,,False,False,5,2025-03-04 19:04:00,35,,"Feb 11, 2025 10:31 am EST",,"Feb 28, 2025 12:00 pm EST",Purchase Order Clauses - Version 8.0 - October 2024.pdf,https://sam.gov/api/prod/opps/v3/opportunities/resources/files/b663cae7f1154afb9b0172a7c0657323/download?&token=,"Feb 11, 2025"
CORHQ-25-Q-0059 SM- Approva BizRight for FDIC,CORHQ-25-Q-0059,FEDERAL DEPOSIT INSURANCE CORPORATION,https://sam.gov/opp/9c66efa8a0014229a4d51eb6f703a579/view,False,False,2,2025-03-04 18:46:42,36,,"Feb 06, 2025 02:57 pm EST",,"Mar 17, 2025 01:00 pm EDT",REQ 20994 SM - Approva BizRight Pricing Schedule.xlsx,https://sam.gov/api/prod/opps/v3/opportunities/resources/files/32142622a7be490f86444122070c8e3b/download?&token=,"Feb 06, 2025"
,,,,False,False,2,2025-03-04 19:04:30,36,,"Feb 06, 2025 02:57 pm EST",,"Mar 17, 2025 01:00 pm EDT",CORHQ-25-Q-0059.pdf,https://sam.gov/api/prod/opps/v3/opportunities/resources/files/a61f58ba90344e84a345aef7f2199804/download?&token=,"Feb 06, 2025"
Navy Standard Integrated Personnel System (NSIPS) Sustainment and Integration Pre-solicitation Notice of Intent to Sole Source,N00039-23-C-0002,DEPT OF DEFENSE,https://sam.gov/opp/410c4f3b80654f4299a7dd6f79e7bab2/view,False,False,0,2025-03-04 18:46:42,37,,"Feb 05, 2025 01:20 pm EST",,"Original Response Date: Feb 20, 2025 04:00 pm EST",,,
"OEM Runtime CPU License to RTI Data Distribution Service, Core Libraries and Utilities (17+ Cores)",N0018925Q0085,DEPT OF DEFENSE,https://sam.gov/opp/c3b0242615834f7cb3e01f186ded89c7/view,False,False,3,2025-03-04 18:46:42,38,"Feb 04, 2025 01:39 pm EST","Jan 30, 2025 07:42 am EST","Feb 05, 2025 02:00 pm EST","Feb 04, 2025 02:00 pm EST",4.06 N0018925Q0085U0001 Conformed.pdf,https://sam.gov/api/prod/opps/v3/opportunities/resources/files/852291501e0f46c99ebb296640209626/download?&token=,"Feb 04, 2025"
,,,,False,False,3,2025-03-04 19:05:29,38,"Feb 04, 2025 01:39 pm EST","Jan 30, 2025 07:42 am EST","Feb 05, 2025 02:00 pm EST","Feb 04, 2025 02:00 pm EST",1.04 Brand Name Justification - Redacted.pdf,https://sam.gov/api/prod/opps/v3/opportunities/resources/files/5f601483a10b467d85f45585295c4a3b/download?&token=,"Jan 30, 2025"
,,,,False,False,3,2025-03-04 19:05:29,38,"Feb 04, 2025 01:39 pm EST","Jan 30, 2025 07:42 am EST","Feb 05, 2025 02:00 pm EST","Feb 04, 2025 02:00 pm EST",4.02 N0018925Q0085.pdf,https://sam.gov/api/prod/opps/v3/opportunities/resources/files/6ac7908d51f74d089d54763c5a7d8528/download?&token=,"Jan 30, 2025"
Peoplesoft Application Developer,RFP365478BN,"ENERGY, DEPARTMENT OF",https://sam.gov/opp/b446615f661341d0be0ece8112c2520c/view,False,False,9,2025-03-04 18:46:42,39,,"Jan 27, 2025 07:18 am EST",,"Feb 17, 2025 05:00 pm EST",FFDG terms for labor hour.pdf,https://sam.gov/api/prod/opps/v3/opportunities/resources/files/5fd14ca59cf44fb391d6889626b5929b/download?&token=,"Jan 27, 2025"
,,,,False,False,9,2025-03-04 19:06:00,39,,"Jan 27, 2025 07:18 am EST",,"Feb 17, 2025 05:00 pm EST",FL-11 oci.pdf,https://sam.gov/api/prod/opps/v3/opportunities/resources/files/d954c805a76244ea91f944b5259d5af4/download?&token=,"Jan 27, 2025"
,,,,False,False,9,2025-03-04 19:06:00,39,,"Jan 27, 2025 07:18 am EST",,"Feb 17, 2025 05:00 pm EST",FL-57b OCI advisory services.pdf,https://sam.gov/api/prod/opps/v3/opportunities/resources/files/a23f92314142422b8ae6985228c037dd/download?&token=,"Jan 27, 2025"
,,,,False,False,9,2025-03-04 19:06:00,39,,"Jan 27, 2025 07:18 am EST",,"Feb 17, 2025 05:00 pm EST",SARC_Subcontractor Annual RepsCerts Rev 4.pdf,https://sam.gov/api/prod/opps/v3/opportunities/resources/files/1ce2330c521c4152a3f9f9df0baeb608/download?&token=,"Jan 27, 2025"
,,,,False,False,9,2025-03-04 19:06:00,39,,"Jan 27, 2025 07:18 am EST",,"Feb 17, 2025 05:00 pm EST",365478 Proposal Instructions and Evaluation Criteria.docx,https://sam.gov/api/prod/opps/v3/opportunities/resources/files/38a0c018c12d4e8a9472a812f8141bb1/download?&token=,"Jan 27, 2025"
,,,,False,False,9,2025-03-04 19:06:00,39,,"Jan 27, 2025 07:18 am EST",,"Feb 17, 2025 05:00 pm EST",365478 PeopleSoft Application Developer Consultant - SOW.docx,https://sam.gov/api/prod/opps/v3/opportunities/resources/files/3791f54464e04416980d8de5cdf16832/download?&token=,"Jan 27, 2025"
,,,,False,False,9,2025-03-04 19:06:00,39,,"Jan 27, 2025 07:18 am EST",,"Feb 17, 2025 05:00 pm EST",Attachment 1- pricing sheet.xls,https://sam.gov/api/prod/opps/v3/opportunities/resources/files/df47be4f855d467eb3091e215d277493/download?&token=,"Jan 27, 2025"
,,,,False,False,9,2025-03-04 19:06:00,39,,"Jan 27, 2025 07:18 am EST",,"Feb 17, 2025 05:00 pm EST",1. RFP365478BN.doc,https://sam.gov/api/prod/opps/v3/opportunities/resources/files/175774c2964e49acb55c35daec9767ff/download?&token=,"Jan 27, 2025"
,,,,False,False,9,2025-03-04 19:06:00,39,,"Jan 27, 2025 07:18 am EST",,"Feb 17, 2025 05:00 pm EST",PUR-466_Proposal Certifications.docx,https://sam.gov/api/prod/opps/v3/opportunities/resources/files/c87e12533d204d9692f1f0ab3eaec4f1/download?&token=,"Jan 27, 2025"
DEFENSE PERSONAL PROPERTY SYSTEM (DPS) TECHNICAL SUPPORT CENTER (DTSC) RFI,TRANSCOM25D002,DEPT OF DEFENSE,https://sam.gov/opp/661b85102b9a4f41b42721a4e45b7485/view,False,False,4,2025-03-04 18:46:42,40,"Jan 10, 2025 08:52 am CST","Oct 21, 2024 01:26 pm CDT","Updated Response Date: Nov 04, 2024 03:00 pm CST","Original Response Date: Nov 04, 2024 03:00 pm CST",2024.10.29 RFI Q&A DTSC.pdf,https://sam.gov/api/prod/opps/v3/opportunities/resources/files/453c1ae2c8d24b29967ac71430e2f16e/download?&token=,"Nov 05, 2024"
,,,,False,False,4,2025-03-04 19:06:25,40,"Jan 10, 2025 08:52 am CST","Oct 21, 2024 01:26 pm CDT","Updated Response Date: Nov 04, 2024 03:00 pm CST","Original Response Date: Nov 04, 2024 03:00 pm CST",2024.10.21 RFI Information Sheet.rtf,https://sam.gov/api/prod/opps/v3/opportunities/resources/files/8979585c0dd44a9ba1667919e20546eb/download?&token=,"Oct 21, 2024"
,,,,False,False,4,2025-03-04 19:06:25,40,"Jan 10, 2025 08:52 am CST","Oct 21, 2024 01:26 pm CDT","Updated Response Date: Nov 04, 2024 03:00 pm CST","Original Response Date: Nov 04, 2024 03:00 pm CST",2024.10.10 RFI-TRANSCOM25D002.pdf,https://sam.gov/api/prod/opps/v3/opportunities/resources/files/5205f7e20eac4235bfe56375d2e30bf6/download?&token=,"Oct 21, 2024"
,,,,False,False,4,2025-03-04 19:06:25,40,"Jan 10, 2025 08:52 am CST","Oct 21, 2024 01:26 pm CDT","Updated Response Date: Nov 04, 2024 03:00 pm CST","Original Response Date: Nov 04, 2024 03:00 pm CST",2024.09.30 PWS.pdf,https://sam.gov/api/prod/opps/v3/opportunities/resources/files/3b693bb3083a4a6da2cbd9406b51f0e3/download?&token=,"Oct 21, 2024"
"DA10--Alaris Software Management Service Indianapolis, IN",36C25025Q0145,"VETERANS AFFAIRS, DEPARTMENT OF",https://sam.gov/opp/a913e38ed98f4fc4b21a66c117a0260c/view,False,False,1,2025-03-04 18:46:42,41,,"Jan 07, 2025 08:39 am EST",,"Original Response Date: Jan 10, 2025 04:30 pm EST",36C25025Q0145_1.docx,https://sam.gov/api/prod/opps/v3/opportunities/resources/files/37d8dee78af649a282e731f038eb383b/download?&token=,"Jan 07, 2025"
IMITSS Follow-on,N6893624R3007,DEPT OF DEFENSE,https://sam.gov/opp/6928c2ad875a40f0a37a38ff0d0ddce0/view,False,False,1,2025-03-04 18:46:42,42,,"Dec 17, 2024 02:04 pm PST",,"Jan 24, 2025 10:00 am PST",DITAC Service Center Secure Attachments Zip.zip,,"Dec 17, 2024"
Financial Management Systems Maintenance and Support,2031JW25Q00002,"TREASURY, DEPARTMENT OF THE",https://sam.gov/opp/01917c06d4c54f6b85df4d3cd70b2d40/view,False,False,10,2025-03-04 18:46:42,43,"Dec 12, 2024 07:29 pm EST","Nov 25, 2024 12:01 am EST","Dec 20, 2024 01:00 pm EST","Dec 13, 2024 01:00 pm EST",REVISED RFQ 2031JW25Q00002 12122024.pdf,https://sam.gov/api/prod/opps/v3/opportunities/resources/files/945f0a55710947ea9843fd82f97a40cb/download?&token=,"Dec 12, 2024"
,,,,False,False,10,2025-03-04 19:07:52,43,"Dec 12, 2024 07:29 pm EST","Nov 25, 2024 12:01 am EST","Dec 20, 2024 01:00 pm EST","Dec 13, 2024 01:00 pm EST",Q and A Clarification Amendment 0002.pdf,https://sam.gov/api/prod/opps/v3/opportunities/resources/files/43b8725632c4491faf144333b0056704/download?&token=,"Dec 12, 2024"
,,,,False,False,10,2025-03-04 19:07:52,43,"Dec 12, 2024 07:29 pm EST","Nov 25, 2024 12:01 am EST","Dec 20, 2024 01:00 pm EST","Dec 13, 2024 01:00 pm EST",2031JW25Q00002 Amendment 0002.pdf,https://sam.gov/api/prod/opps/v3/opportunities/resources/files/d4ba22d37d014292a55c3df48863f8ad/download?&token=,"Dec 12, 2024"
,,,,False,False,10,2025-03-04 19:07:52,43,"Dec 12, 2024 07:29 pm EST","Nov 25, 2024 12:01 am EST","Dec 20, 2024 01:00 pm EST","Dec 13, 2024 01:00 pm EST",REVISED RFQ_2031JW25Q00002 Financial Management Systems Maintenance and Support REVISED.pdf,https://sam.gov/api/prod/opps/v3/opportunities/resources/files/2f70568befb941e69ccac6dd3340c0fd/download?&token=,"Dec 10, 2024"
,,,,False,False,10,2025-03-04 19:07:52,43,"Dec 12, 2024 07:29 pm EST","Nov 25, 2024 12:01 am EST","Dec 20, 2024 01:00 pm EST","Dec 13, 2024 01:00 pm EST",Q and A RFQ 2031JW25Q00002 Financial Management Systems Maintenance and Support.pdf,https://sam.gov/api/prod/opps/v3/opportunities/resources/files/571e030a78884a29b795f50982cb213a/download?&token=,"Dec 10, 2024"
,,,,False,False,10,2025-03-04 19:07:52,43,"Dec 12, 2024 07:29 pm EST","Nov 25, 2024 12:01 am EST","Dec 20, 2024 01:00 pm EST","Dec 13, 2024 01:00 pm EST",Amendment 0001_2031JW25Q00002 - Financial Management Systems Maintenance and Support.pdf,https://sam.gov/api/prod/opps/v3/opportunities/resources/files/66b236e1d3614abd834a164d5749905b/download?&token=,"Dec 10, 2024"
,,,,False,False,10,2025-03-04 19:07:52,43,"Dec 12, 2024 07:29 pm EST","Nov 25, 2024 12:01 am EST","Dec 20, 2024 01:00 pm EST","Dec 13, 2024 01:00 pm EST",ATTACHMENT 2_-_Past_Performance_Questionnaire - 2031JW25Q00002 - FM SYSTEMS SUPPORT AND MAINTENANCE.docx,https://sam.gov/api/prod/opps/v3/opportunities/resources/files/71ac25f0c0dd4e89a8697b8d492ec356/download?&token=,"Nov 25, 2024"
,,,,False,False,10,2025-03-04 19:07:52,43,"Dec 12, 2024 07:29 pm EST","Nov 25, 2024 12:01 am EST","Dec 20, 2024 01:00 pm EST","Dec 13, 2024 01:00 pm EST",ATTACHMENT 3 - OCC 1052.209-8001 - Conflict of Interest Disclosure and Certification.pdf,https://sam.gov/api/prod/opps/v3/opportunities/resources/files/1955bae24e0b4572a0dc00e1bbf501dd/download?&token=,"Nov 25, 2024"
,,,,False,False,10,2025-03-04 19:07:52,43,"Dec 12, 2024 07:29 pm EST","Nov 25, 2024 12:01 am EST","Dec 20, 2024 01:00 pm EST","Dec 13, 2024 01:00 pm EST",ATTACHMENT_1__NDA - 2031JW25Q00002 - FINANCIAL MANAGEMENT SYSTEMS MAINTENANCE AND SUPPORT.pdf,https://sam.gov/api/prod/opps/v3/opportunities/resources/files/d3f6fcfc0c6142f6b2ac2e4c91ca6cc8/download?&token=,"Nov 25, 2024"
,,,,False,False,10,2025-03-04 19:07:52,43,"Dec 12, 2024 07:29 pm EST","Nov 25, 2024 12:01 am EST","Dec 20, 2024 01:00 pm EST","Dec 13, 2024 01:00 pm EST",RFQ_2031JW25Q00002 - FINANCIAL MANAGEMENT SYSTEM MAINTENANCE AND SUPPORT.pdf,https://sam.gov/api/prod/opps/v3/opportunities/resources/files/98ea9833333144c9b632bd4fc14d2bc6/download?&token=,"Nov 25, 2024"
MathWorks Software - Notice of Intent to Sole Source to WOSB,FA910125QB012-NOI(MathWorks),DEPT OF DEFENSE,https://sam.gov/opp/f754434602114330b45a6c44378d19c4/view,False,False,2,2025-03-04 18:46:42,44,,"Dec 11, 2024 10:04 am CST",,"Original Response Date: Dec 13, 2024 01:00 pm CST",Atch 1 - Software Renewal Table.pdf,https://sam.gov/api/prod/opps/v3/opportunities/resources/files/9953fccd87fd4d72b7bbf34f58a009ee/download?&token=,"Dec 11, 2024"
,,,,False,False,2,2025-03-04 19:08:26,44,,"Dec 11, 2024 10:04 am CST",,"Original Response Date: Dec 13, 2024 01:00 pm CST",SSJ-25QB012 FINAL_Redacted.pdf,https://sam.gov/api/prod/opps/v3/opportunities/resources/files/be9d3f72735d4b0bafce73888d65d95a/download?&token=,"Dec 11, 2024"
M9549424Q0023 Solicitation MCBOOT Phase IV Support Services,M9549424Q0023,DEPT OF DEFENSE,https://sam.gov/opp/49e1562ff47c40b3949553359f3c01e3/view,False,False,0,2025-03-04 18:46:42,45,"Sep 28, 2024 01:18 pm EDT","Sep 06, 2024 10:41 am EDT","Oct 15, 2024 12:00 pm EDT","Sep 26, 2024 10:00 am EDT",,,
MCSC PDSS Support Services,M6785424R7603,DEPT OF DEFENSE,https://sam.gov/opp/798aaf307f3548b694d1a870908267f7/view,False,False,14,2025-03-04 18:46:42,46,"Aug 20, 2024 03:26 pm EDT","May 02, 2024 06:11 pm EDT","Aug 26, 2024 11:00 am EDT","Jul 03, 2024 11:00 pm EDT",ATT J21_QA Matrix.xlsx,https://sam.gov/api/prod/opps/v3/opportunities/resources/files/c4af17ecf9244f1f8bbd2bacde0c6141/download?&token=,"Aug 09, 2024"
,,,,False,False,14,2025-03-04 19:09:18,46,"Aug 20, 2024 03:26 pm EDT","May 02, 2024 06:11 pm EDT","Aug 26, 2024 11:00 am EDT","Jul 03, 2024 11:00 pm EDT",Conformed_24R760303 _070824.pdf,https://sam.gov/api/prod/opps/v3/opportunities/resources/files/f003ddbd243940acb58255660e71ceec/download?&token=,"Aug 07, 2024"
,,,,False,False,14,2025-03-04 19:09:18,46,"Aug 20, 2024 03:26 pm EDT","May 02, 2024 06:11 pm EDT","Aug 26, 2024 11:00 am EDT","Jul 03, 2024 11:00 pm EDT",ATT J01 TO 01 PWS.pdf,https://sam.gov/api/prod/opps/v3/opportunities/resources/files/cda2cd913f3a4b7bbaf75de1164a365a/download?&token=,"Aug 07, 2024"
,,,,False,False,14,2025-03-04 19:09:18,46,"Aug 20, 2024 03:26 pm EDT","May 02, 2024 06:11 pm EDT","Aug 26, 2024 11:00 am EDT","Jul 03, 2024 11:00 pm EDT",ATT J02 Price Workbook.xlsx,https://sam.gov/api/prod/opps/v3/opportunities/resources/files/e64d5c2aacbb4d02bc266559744dc974/download?&token=,"Aug 07, 2024"
,,,,False,False,14,2025-03-04 19:09:18,46,"Aug 20, 2024 03:26 pm EDT","May 02, 2024 06:11 pm EDT","Aug 26, 2024 11:00 am EDT","Jul 03, 2024 11:00 pm EDT",ATT J05 QASP.pdf,https://sam.gov/api/prod/opps/v3/opportunities/resources/files/609fcac49f374438b8e776edea2c0c6e/download?&token=,"Aug 07, 2024"
,,,,False,False,14,2025-03-04 19:09:18,46,"Aug 20, 2024 03:26 pm EDT","May 02, 2024 06:11 pm EDT","Aug 26, 2024 11:00 am EDT","Jul 03, 2024 11:00 pm EDT",ATT J07 PPQ 060724.docx,https://sam.gov/api/prod/opps/v3/opportunities/resources/files/5788e888db3942888993d3f8cfbf87cb/download?&token=,"Aug 07, 2024"
,,,,False,False,14,2025-03-04 19:09:18,46,"Aug 20, 2024 03:26 pm EDT","May 02, 2024 06:11 pm EDT","Aug 26, 2024 11:00 am EDT","Jul 03, 2024 11:00 pm EDT",ATT J14 GCSS-MC CM Plan FY24.pdf,https://sam.gov/api/prod/opps/v3/opportunities/resources/files/3f2f2017909941cdbc825fa1f23383da/download?&token=,"Aug 07, 2024"
,,,,False,False,14,2025-03-04 19:09:18,46,"Aug 20, 2024 03:26 pm EDT","May 02, 2024 06:11 pm EDT","Aug 26, 2024 11:00 am EDT","Jul 03, 2024 11:00 pm EDT",ATT J16 GCSS-MC ECP DD1692-1.pdf,https://sam.gov/api/prod/opps/v3/opportunities/resources/files/f9dfedd54bf848d6866cad8460f7b755/download?&token=,"Aug 07, 2024"
,,,,False,False,14,2025-03-04 19:09:18,46,"Aug 20, 2024 03:26 pm EDT","May 02, 2024 06:11 pm EDT","Aug 26, 2024 11:00 am EDT","Jul 03, 2024 11:00 pm EDT",ATT J19 GCSS-MC RCA.pdf,https://sam.gov/api/prod/opps/v3/opportunities/resources/files/c61bdcf09f184950ac0fbdde16427b83/download?&token=,"Aug 07, 2024"
,,,,False,False,14,2025-03-04 19:09:18,46,"Aug 20, 2024 03:26 pm EDT","May 02, 2024 06:11 pm EDT","Aug 26, 2024 11:00 am EDT","Jul 03, 2024 11:00 pm EDT",ATT J20_P24 Technical Debt.xlsx,https://sam.gov/api/prod/opps/v3/opportunities/resources/files/260dc4d2d94d415aaaa1448848ef170d/download?&token=,"Aug 07, 2024"
,,,,False,False,14,2025-03-04 19:09:18,46,"Aug 20, 2024 03:26 pm EDT","May 02, 2024 06:11 pm EDT","Aug 26, 2024 11:00 am EDT","Jul 03, 2024 11:00 pm EDT",Conformed_24R7603_120724.pdf,https://sam.gov/api/prod/opps/v3/opportunities/resources/files/baff31e10fff40bf9ef9bbbc243e9c12/download?&token=,"Jul 12, 2024"
,,,,False,False,14,2025-03-04 19:09:18,46,"Aug 20, 2024 03:26 pm EDT","May 02, 2024 06:11 pm EDT","Aug 26, 2024 11:00 am EDT","Jul 03, 2024 11:00 pm EDT",AMD 02_24R7603_120724.pdf,https://sam.gov/api/prod/opps/v3/opportunities/resources/files/336bebbf1a7246488954a1d25d3b1f3b/download?&token=,"Jul 12, 2024"
,,,,False,False,14,2025-03-04 19:09:18,46,"Aug 20, 2024 03:26 pm EDT","May 02, 2024 06:11 pm EDT","Aug 26, 2024 11:00 am EDT","Jul 03, 2024 11:00 pm EDT",PDSS RFP AMEND 01 CONFORM 24R7603 20240515.pdf,https://sam.gov/api/prod/opps/v3/opportunities/resources/files/760bc486212b4f48b6cb891e7a85308f/download?&token=,"May 16, 2024"
,,,,False,False,14,2025-03-04 19:09:18,46,"Aug 20, 2024 03:26 pm EDT","May 02, 2024 06:11 pm EDT","Aug 26, 2024 11:00 am EDT","Jul 03, 2024 11:00 pm EDT",PDSS RFP AMEND 01 24R7603 20240515.pdf,https://sam.gov/api/prod/opps/v3/opportunities/resources/files/50cd705675ae4774901dbb7a5a28765f/download?&token=,"May 16, 2024"
Broad Agency Announcement FY24,DOIGFBO240048,"INTERIOR, DEPARTMENT OF THE",https://sam.gov/opp/5e6ba9f3968d40d0b9a1e248c79fb088/view,False,False,3,2025-03-04 18:46:42,47,,"May 31, 2024 12:30 pm EDT",,"Mar 15, 2025 05:00 pm EDT",Sol_DOIGFBO240048.pdf,https://sam.gov/api/prod/opps/v3/opportunities/resources/files/60155ce470894d93b8d1f8d5068391e9/download?&token=,"May 31, 2024"
,,,,False,False,3,2025-03-04 19:09:48,47,,"May 31, 2024 12:30 pm EDT",,"Mar 15, 2025 05:00 pm EDT",USGS_NGWOS_BAA_VIDEO_BRIEFING_FY24.mp4,https://sam.gov/api/prod/opps/v3/opportunities/resources/files/af2e062f13944e44988e953738d6f8fd/download?&token=,"May 31, 2024"
,,,,False,False,3,2025-03-04 19:09:48,47,,"May 31, 2024 12:30 pm EDT",,"Mar 15, 2025 05:00 pm EDT",Broad_Agency_Announcement_FY24_(BAA__DOIGFBO240048).pdf,https://sam.gov/api/prod/opps/v3/opportunities/resources/files/1af47339cf1244a294963f773332087d/download?&token=,"May 31, 2024"
D--DELL SOLID STATE DISK ACCESSORIES AND SUPPORT,N0040617T0187,DEPT OF DEFENSE,https://sam.gov/opp/cb69b87db3563a9e7e21390c317e2b38/view,False,False,0,2025-03-04 18:46:42,48,"Jan 14, 2017 12:50 pm EST","Jan 13, 2017 07:04 am EST",,,,,
Error extracting,,,,True,True,0,2025-03-04 18:46:42,49,,,,,,,
Total Contracts: 49,Failed Contracts: 1,Contracts with Missing Data: 1,,,,Total Attachments: 168,2025-03-04 19:10:18,Summary,,,,,,,
